Name,Email,Phone,Age,Gender,City,Education,Profession
Abdullah Khan,abdullah6013@gmail.com,03547573622,21,Male,Karachi,Master,Analyst
Adeel Raza,adeel7977@gmail.com,03951139693,18,Male,Islamabad,Bachelor,Analyst
Afshan Javed,afshan5487@gmail.com,03274613598,23,Female,Faisalabad,PhD,Student
Ahsan Ali,ahsan3166@gmail.com,03510452505,29,Male,Islamabad,PhD,Analyst
Akram Sheikh,akram7822@gmail.com,03873032092,34,Male,Karachi,Bachelor,Analyst
Alina Mirza,alina4944@gmail.com,03488687072,19,Female,Multan,Bachelor,Teacher
Amjad Hussain,amjad1886@gmail.com,03336304165,31,Male,Multan,Bachelor,Analyst
Anam Khalid,anam5246@gmail.com,03818018850,25,Female,Lahore,Intermediate,Developer
Arham Tariq,arham3294@gmail.com,03596874254,35,Male,Lahore,Intermediate,Engineer
Asif Javed,asif2337@gmail.com,03615091992,32,Male,Rawalpindi,Bachelor,Student
Azhar Mahmood,azhar9902@gmail.com,03676383042,29,Male,Multan,Master,Manager
Babar Shah,babar2239@gmail.com,03495750627,33,Male,Multan,Matric,Designer
Bisma Yasir,bisma5555@gmail.com,03786938947,37,Female,Rawalpindi,PhD,Analyst
Dawood Ahmed,dawood6373@gmail.com,03054644137,34,Male,Lahore,Bachelor,Teacher
Ehsan Qureshi,ehsan8583@gmail.com,03433388557,19,Male,Karachi,Matric,Designer
Faraz Iqbal,faraz4372@gmail.com,03985945277,34,Male,Islamabad,Bachelor,Manager
Feroz Alam,feroz4995@gmail.com,03189779952,29,Male,Karachi,PhD,Teacher
Gulzar Hussain,gulzar6702@gmail.com,03429849243,34,Male,Karachi,Intermediate,Doctor
Haleema Noor,haleema8017@gmail.com,03019921751,33,Female,Karachi,PhD,Analyst
Hamza Saeed,hamza3973@gmail.com,03273564600,33,Male,Lahore,Intermediate,Teacher
Hiba Rehman,hiba4663@gmail.com,03519170361,31,Female,Multan,Intermediate,Student
Humaira Khan,humaira6472@gmail.com,03934666032,24,Female,Islamabad,PhD,Doctor
Hussain Shah,hussain6490@gmail.com,03231424390,21,Male,Islamabad,Bachelor,Analyst
Ibrahim Farooq,ibrahim3320@gmail.com,03412289654,19,Male,Karachi,Master,Manager
Iffat Jahan,iffat2299@gmail.com,03817284935,39,Female,Karachi,Matric,Doctor
Iqra Siddiqui,iqra1148@gmail.com,03515675408,22,Female,Multan,Intermediate,Doctor
Irtaza Mehdi,irtaza1349@gmail.com,03415517232,19,Male,Multan,Intermediate,Analyst
Javeria Anwar,javeria9307@gmail.com,03216083338,26,Female,Islamabad,Intermediate,Student
Jawad Hussain,jawad8092@gmail.com,03613575422,40,Male,Islamabad,Bachelor,Developer
Kashif Javed,kashif8796@gmail.com,03635269709,23,Male,Karachi,Master,Engineer
Laiba Aslam,laiba7877@gmail.com,03370706003,36,Female,Faisalabad,PhD,Doctor
Lubna Shafiq,lubna7339@gmail.com,03733476157,40,Female,Lahore,Bachelor,Student
Mahira Naveed,mahira3532@gmail.com,03563401805,38,Female,Karachi,PhD,Student
Mansoor Akhtar,mansoor4995@gmail.com,03354629730,39,Male,Rawalpindi,PhD,Doctor
Mariam Khalil,mariam2692@gmail.com,03087465245,36,Female,Faisalabad,Bachelor,Student
Masood Alam,masood2646@gmail.com,03671538568,28,Male,Islamabad,Master,Developer
Misha Adeel,misha4218@gmail.com,03625798837,38,Female,Rawalpindi,Bachelor,Student
Mubeen Anwar,mubeen2884@gmail.com,03846307516,38,Male,Rawalpindi,Intermediate,Developer
Mumtaz Ali,mumtaz3957@gmail.com,03298139399,31,Female,Lahore,Matric,Analyst
Naeem Akbar,naeem3435@gmail.com,03792071392,19,Male,Multan,Intermediate,Analyst
Naila Farhat,naila8026@gmail.com,03921682598,23,Female,Lahore,Intermediate,Student
Naveed Qureshi,naveed3578@gmail.com,03760352486,39,Male,Lahore,Matric,Teacher
Neha Tariq,neha9166@gmail.com,03512090303,31,Female,Multan,Intermediate,Teacher
Nida Kamal,nida3005@gmail.com,03712200587,23,Female,Rawalpindi,Master,Manager
Nimra Aziz,nimra5935@gmail.com,03497664849,24,Female,Lahore,Intermediate,Developer
Parvez Iqbal,parvez6259@gmail.com,03068407885,26,Male,Rawalpindi,Bachelor,Student
Qasim Junaid,qasim5309@gmail.com,03590636175,37,Male,Lahore,PhD,Designer
Raheel Akram,raheel7347@gmail.com,03134233514,34,Male,Multan,Master,Analyst
Rameez Hassan,rameez8103@gmail.com,03010939853,28,Male,Karachi,Bachelor,Engineer
Rashid Khan,rashid7274@gmail.com,03992066261,39,Male,Rawalpindi,Master,Student
Rayyan Shah,rayyan3523@gmail.com,03662389507,27,Male,Faisalabad,PhD,Developer
Reema Naeem,reema3858@gmail.com,03894758878,33,Female,Faisalabad,PhD,Analyst
Rifat Ali,rifat3002@gmail.com,03218584345,36,Female,Lahore,PhD,Engineer
Saad Munir,saad3491@gmail.com,03916396687,21,Male,Faisalabad,PhD,Student
Sajid Mehmood,sajid7899@gmail.com,03469595095,25,Male,Multan,Matric,Doctor
Sakina Javed,sakina9189@gmail.com,03692322290,28,Female,Karachi,Intermediate,Engineer
Sameer Abbas,sameer1344@gmail.com,03413759524,39,Male,Multan,Master,Developer
Sara Faisal,sara2996@gmail.com,03010501062,39,Female,Karachi,Matric,Developer
Shabana Parveen,shabana4801@gmail.com,03530410395,35,Female,Faisalabad,Matric,Engineer
Shahzad Arif,shahzad4961@gmail.com,03254812997,26,Male,Multan,PhD,Designer
Shehroz Aslam,shehroz1113@gmail.com,03872396191,31,Male,Rawalpindi,Bachelor,Doctor
Sidra Nadeem,sidra6462@gmail.com,03254751971,20,Female,Rawalpindi,Master,Analyst
Sikandar Aziz,sikandar1542@gmail.com,03561798569,36,Male,Lahore,PhD,Developer
Sobia Anwar,sobia4736@gmail.com,03792895890,34,Female,Islamabad,Master,Designer
Suleman Tariq,suleman4655@gmail.com,03593833835,28,Male,Karachi,Matric,Engineer
Sumaiya Irfan,sumaiya1262@gmail.com,03914656428,22,Female,Lahore,Master,Teacher
Tabinda Jaleel,tabinda6250@gmail.com,03573981358,39,Female,Rawalpindi,Intermediate,Engineer
Tahir Abbas,tahir8086@gmail.com,03924212909,38,Male,Islamabad,Intermediate,Developer
Tania Kamran,tania7229@gmail.com,03582921093,24,Female,Rawalpindi,Intermediate,Manager
Tanveer Hussain,tanveer6038@gmail.com,03029095579,36,Male,Karachi,Bachelor,Manager
Tariq Shahid,tariq9397@gmail.com,03881404124,21,Male,Lahore,Matric,Student
Ubaid Farooq,ubaid8723@gmail.com,03715161181,26,Male,Lahore,Master,Engineer
Ulfat Naeem,ulfat9208@gmail.com,03488205923,21,Female,Rawalpindi,Matric,Engineer
Umair Riaz,umair9666@gmail.com,03467298681,38,Male,Karachi,Matric,Designer
Uzair Ahmed,uzair7895@gmail.com,03592557572,34,Male,Rawalpindi,Matric,Developer
Waqas Jameel,waqas4508@gmail.com,03521323840,24,Male,Islamabad,PhD,Analyst
Wasif Ali,wasif8512@gmail.com,03570670902,29,Male,Rawalpindi,PhD,Teacher
Yameen Akhtar,yameen9064@gmail.com,03146746826,24,Male,Multan,Bachelor,Developer
Yasmin Farooq,yasmin3894@gmail.com,03461543772,39,Female,Rawalpindi,Intermediate,Engineer
Younus Mehmood,younus3086@gmail.com,03164892615,29,Male,Rawalpindi,Master,Doctor
Zafar Abbas,zafar9448@gmail.com,03789395068,34,Male,Faisalabad,Master,Engineer
Zain Rizvi,zain7050@gmail.com,03731698271,22,Male,Lahore,Bachelor,Manager
Zeeshan Rauf,zeeshan4366@gmail.com,03583964732,27,Male,Lahore,Master,Analyst
Zoya Khalid,zoya3724@gmail.com,03877658145,22,Female,Faisalabad,PhD,Doctor
Aqib Anwar,aqib8413@gmail.com,03749089348,26,Male,Karachi,Bachelor,Manager
Arisha Qamar,arisha6570@gmail.com,03959796658,35,Female,Lahore,Master,Teacher
Barkat Ali,barkat2801@gmail.com,03226937489,33,Male,Islamabad,PhD,Manager
Bushra Tariq,bushra5696@gmail.com,03557187627,38,Female,Faisalabad,Master,Manager
Emaan Saleem,emaan4602@gmail.com,03959374869,27,Female,Rawalpindi,Matric,Student
Faizan Nadeem,faizan3868@gmail.com,03962969330,34,Male,Islamabad,Bachelor,Designer
Haris Jameel,haris1685@gmail.com,03422911201,18,Male,Islamabad,Master,Teacher
Imtiaz Alam,imtiaz2964@gmail.com,03898061994,34,Male,Rawalpindi,Matric,Student
Kiran Junaid,kiran8148@gmail.com,03519893827,37,Female,Lahore,Intermediate,Designer
Mahnoor Rehman,mahnoor1995@gmail.com,03558145424,29,Female,Lahore,Bachelor,Manager
Nashit Ali,nashit7343@gmail.com,03887706439,27,Male,Multan,Matric,Developer
Rizwana Javed,rizwana4508@gmail.com,03661386307,40,Female,Multan,Master,Teacher
Saima Mehdi,saima3971@gmail.com,03714077512,36,Female,Islamabad,PhD,Student
Sania Iqbal,sania9543@gmail.com,03449713188,36,Female,Rawalpindi,PhD,Analyst
Shagufta Rani,shagufta8742@gmail.com,03477404934,29,Female,Islamabad,Matric,Developer
Tamoor Khan,tamoor4823@gmail.com,03483894334,31,Male,Faisalabad,Master,Analyst
Urooj Asif,urooj4724@gmail.com,03388559533,19,Female,Lahore,Intermediate,Teacher
Yumna Shaikh,yumna9662@gmail.com,03818383127,34,Female,Karachi,Master,Teacher
Zainab Ali,zainab4567@gmail.com,03294721763,33,Female,Islamabad,PhD,Designer
Zara Ali,zara6543@gmail.com,03228256034,27,Female,Lahore,Bachelor,Analyst
Zohaib Ali,zohaib7890@gmail.com,03591640362,18,Male,Rawalpindi,Master,Teacher